Qty;Value;Device;Package;Parts;Manufacturer;Description
1;;BYM11-600-E3/97;DO213AB;D6;;
1;;LT8391EFE;TSSOP-28-GROUNDPAD;IC3;;
1;0.004R;PMR50HZPFV4L00;R2010;R44;;
1;0.03R;WSL2010R0300FEA;R2010;R47;;
3;100K;RC0603FR-13100KL;R0603;R7, R12, R43;;
2;100nF 100V;885012207128;C0805;C9, C42;;
4;10K;RC0603FR-1310KL;R0603;R5, R6, R10, R13;;
1;10V;BZV55-C10;SOD-80C;D1;;
2;10nF 100V;GCM188R72A103KA37;C0603;C10, C50;;
1;10uF 50V;GRT31CR61H106ME01L;C1206;C3;;
1;10uH;XAL1510-103MEB;XAL1510-103MEB;L1;;
4;11.8R;CR0603-FX-11R8ELF;R0603;R1, R2, R45, R46;;
3;1uF 100V;GCM31CR72A105KA03;C1206;C4, C7, C17;;
1;2.2K;CRCW06032K20JNEAC;R0603;R8;;
1;221K;CRCW0603221KFKEB;R0603;R4;;
1;24.9K;CRCW060324K9FKEAC;R0603;R11;;
1;309K;RC0603FR-07309KL;R0603;R39;;
1;33nF;885012207125;C0805;C11;;
2;39-28-1043;39-28-1043;39-28-1043;J1, J3;Molex;Mini-Fit Jr. Vertical Header, 4.20mm Pitch, Dual Row, 4 Circuits, without Snap-in Plastic Peg PCB Lock, Tin, Natural
2;4.7uF 16V;885012107013;C0805;C5, C12;;
2;43K;AC0603FR-0743KL;R0603;R41, R61;;
2;470nF 100V;08051C474KAT2A;C0805;C1, C2;;
1;470nF 25V;885012206075;C0603;C13;;
2;47uF;UUR1J470MNL1GS;CAPAE830X1050N;C6, C8;Nichicon;Aluminum Electrolytic Capacitors - SMD 63volts 47uF 20% 85C 8X10
1;499K;MCT06030C4993FP500;R0603;R3;;
1;5.1R;ESR03EZPJ5R1;R0603;R9;;
2;5V;ESD9X5.0ST5G;SODFL1006X40N;D2, D3;ON Semiconductor;ON Semiconductor ESD9X5.0ST5G Uni-Directional TVS Diode, 150mW peak, 2-Pin SOD-923
1;910R;CR0805-FX-9100ELF;R0805;R42;;
2;DMP6180SK3-13;DMP6180SK3-13;TO-252_1;Q5, Q13;Diodes Inc.;Diodes Inc DMP6180SK3-13 P-channel MOSFET Transistor, 14 A, -60 V, 3-Pin TO-252
1;NC7NZ04K8X;NC7NZ04K8X;SOP50P310X90-8N;U1;ON Semiconductor;ON SEMICONDUCTOR - NC7NZ04K8X - IC, NC7NZ TINY, SMD, US-8
4;PSMN013-60YLX;PSMN013-60YLX;PSMN5R660YLX;Q1, Q2, Q3, Q4;Nexperia;NEXPERIA - PSMN013-60YLX - MOSFET, N-CH, 60V, 53A, SOT-669-4
2;PTVS60VS1UR;PTVS60VS1UR;DIOC2617X110N;D4, D5;Nexperia;NXP PTVS60VS1UR Uni-Directional TVS Diode, 400W peak, 2-Pin SOD-123W
